"ProcessId";"HostProcess";"Type";"MemoryMB";"FileVersion";"ExecutablePath";"StartTime"
"16072";"ms-teams.exe";"renderer";"532,18";"142.0.3595.76";"C:\Program Files (x86)\Microsoft\EdgeWebView\Application\142.0.3595.76\msedgewebview2.exe";"2025-11-12 10:52:07"
"10996";"M365Copilot.exe";"renderer";"362,21";"142.0.3595.76";"C:\Program Files (x86)\Microsoft\EdgeWebView\Application\142.0.3595.76\msedgewebview2.exe";"2025-11-12 09:14:41"
"10484";"WidgetBoard.exe";"renderer";"222";"142.0.3595.76";"C:\Program Files (x86)\Microsoft\EdgeWebView\Application\142.0.3595.76\msedgewebview2.exe";"2025-11-12 09:13:03"
"20240";"WidgetBoard.exe";"gpu-process";"154,99";"142.0.3595.76";"C:\Program Files (x86)\Microsoft\EdgeWebView\Application\142.0.3595.76\msedgewebview2.exe";"2025-11-12 09:13:02"
"5296";"OUTLOOK.EXE";"renderer";"147,12";"142.0.3595.76";"C:\Program Files (x86)\Microsoft\EdgeWebView\Application\142.0.3595.76\msedgewebview2.exe";"2025-11-12 13:39:09"
"26284";"OUTLOOK.EXE";"";"144,68";"142.0.3595.76";"C:\Program Files (x86)\Microsoft\EdgeWebView\Application\142.0.3595.76\msedgewebview2.exe";"2025-11-12 09:34:57"
"14976";"M365Copilot.exe";"gpu-process";"138,93";"142.0.3595.76";"C:\Program Files (x86)\Microsoft\EdgeWebView\Application\142.0.3595.76\msedgewebview2.exe";"2025-11-12 09:14:41"
"9512";"CaseBuddyApp.exe";"";"125,58";"142.0.3595.76";"C:\Program Files (x86)\Microsoft\EdgeWebView\Application\142.0.3595.76\msedgewebview2.exe";"2025-11-12 13:30:30"
"20080";"WidgetBoard.exe";"";"116,69";"142.0.3595.76";"C:\Program Files (x86)\Microsoft\EdgeWebView\Application\142.0.3595.76\msedgewebview2.exe";"2025-11-12 09:13:02"
"15148";"SearchHost.exe";"";"111,09";"142.0.3595.76";"C:\Program Files (x86)\Microsoft\EdgeWebView\Application\142.0.3595.76\msedgewebview2.exe";"2025-11-12 09:11:59"
"18812";"OneDrive.exe";"";"105,83";"142.0.3595.76";"C:\Program Files (x86)\Microsoft\EdgeWebView\Application\142.0.3595.76\msedgewebview2.exe";"2025-11-12 09:14:04"
"34420";"OUTLOOK.EXE";"renderer";"97,66";"142.0.3595.76";"C:\Program Files (x86)\Microsoft\EdgeWebView\Application\142.0.3595.76\msedgewebview2.exe";"2025-11-12 14:22:21"
"15552";"SearchHost.exe";"renderer";"94,21";"142.0.3595.76";"C:\Program Files (x86)\Microsoft\EdgeWebView\Application\142.0.3595.76\msedgewebview2.exe";"2025-11-12 09:12:00"
"22016";"WhatsApp.Root.exe";"renderer";"93,53";"142.0.3595.76";"C:\Program Files (x86)\Microsoft\EdgeWebView\Application\142.0.3595.76\msedgewebview2.exe";"2025-11-12 09:15:09"
"8632";"WhatsApp.Root.exe";"";"80,88";"142.0.3595.76";"C:\Program Files (x86)\Microsoft\EdgeWebView\Application\142.0.3595.76\msedgewebview2.exe";"2025-11-12 09:15:08"
"9040";"M365Copilot.exe";"";"75,94";"142.0.3595.76";"C:\Program Files (x86)\Microsoft\EdgeWebView\Application\142.0.3595.76\msedgewebview2.exe";"2025-11-12 09:14:41"
"18976";"CaseBuddyApp.exe";"gpu-process";"69,37";"142.0.3595.76";"C:\Program Files (x86)\Microsoft\EdgeWebView\Application\142.0.3595.76\msedgewebview2.exe";"2025-11-12 13:30:30"
"2852";"SearchHost.exe";"gpu-process";"68,61";"142.0.3595.76";"C:\Program Files (x86)\Microsoft\EdgeWebView\Application\142.0.3595.76\msedgewebview2.exe";"2025-11-12 09:12:00"
"27244";"OUTLOOK.EXE";"renderer";"63,43";"142.0.3595.76";"C:\Program Files (x86)\Microsoft\EdgeWebView\Application\142.0.3595.76\msedgewebview2.exe";"2025-11-12 09:35:19"
"33432";"ms-teams.exe";"";"62,66";"142.0.3595.76";"C:\Program Files (x86)\Microsoft\EdgeWebView\Application\142.0.3595.76\msedgewebview2.exe";"2025-11-12 10:52:06"
"26504";"OUTLOOK.EXE";"gpu-process";"62,59";"142.0.3595.76";"C:\Program Files (x86)\Microsoft\EdgeWebView\Application\142.0.3595.76\msedgewebview2.exe";"2025-11-12 09:34:58"
"29504";"OUTLOOK.EXE";"renderer";"61,41";"142.0.3595.76";"C:\Program Files (x86)\Microsoft\EdgeWebView\Application\142.0.3595.76\msedgewebview2.exe";"2025-11-12 09:35:09"
"28764";"CaseBuddyApp.exe";"renderer";"48,83";"142.0.3595.76";"C:\Program Files (x86)\Microsoft\EdgeWebView\Application\142.0.3595.76\msedgewebview2.exe";"2025-11-12 13:30:30"
"2364";"OneDrive.exe";"gpu-process";"46,88";"142.0.3595.76";"C:\Program Files (x86)\Microsoft\EdgeWebView\Application\142.0.3595.76\msedgewebview2.exe";"2025-11-12 09:14:04"
"26524";"OUTLOOK.EXE";"utility";"42,65";"142.0.3595.76";"C:\Program Files (x86)\Microsoft\EdgeWebView\Application\142.0.3595.76\msedgewebview2.exe";"2025-11-12 09:34:58"
"7308";"OneDrive.exe";"renderer";"41,82";"142.0.3595.76";"C:\Program Files (x86)\Microsoft\EdgeWebView\Application\142.0.3595.76\msedgewebview2.exe";"2025-11-12 09:14:04"
"9112";"WidgetBoard.exe";"utility";"38,85";"142.0.3595.76";"C:\Program Files (x86)\Microsoft\EdgeWebView\Application\142.0.3595.76\msedgewebview2.exe";"2025-11-12 09:13:02"
"468";"CaseBuddyApp.exe";"utility";"36,9";"142.0.3595.76";"C:\Program Files (x86)\Microsoft\EdgeWebView\Application\142.0.3595.76\msedgewebview2.exe";"2025-11-12 13:30:30"
"19448";"WidgetBoard.exe";"renderer";"36,77";"142.0.3595.76";"C:\Program Files (x86)\Microsoft\EdgeWebView\Application\142.0.3595.76\msedgewebview2.exe";"2025-11-12 09:13:03"
"15404";"SearchHost.exe";"utility";"36,46";"142.0.3595.76";"C:\Program Files (x86)\Microsoft\EdgeWebView\Application\142.0.3595.76\msedgewebview2.exe";"2025-11-12 09:12:00"
"13604";"OneDrive.exe";"renderer";"35,61";"142.0.3595.76";"C:\Program Files (x86)\Microsoft\EdgeWebView\Application\142.0.3595.76\msedgewebview2.exe";"2025-11-12 09:14:04"
"4776";"OneDrive.exe";"utility";"31,99";"142.0.3595.76";"C:\Program Files (x86)\Microsoft\EdgeWebView\Application\142.0.3595.76\msedgewebview2.exe";"2025-11-12 09:14:04"
"9460";"M365Copilot.exe";"utility";"25,09";"142.0.3595.76";"C:\Program Files (x86)\Microsoft\EdgeWebView\Application\142.0.3595.76\msedgewebview2.exe";"2025-11-12 09:14:41"
"21572";"WhatsApp.Root.exe";"utility";"24,13";"142.0.3595.76";"C:\Program Files (x86)\Microsoft\EdgeWebView\Application\142.0.3595.76\msedgewebview2.exe";"2025-11-12 09:15:08"
"26556";"OUTLOOK.EXE";"utility";"21,66";"142.0.3595.76";"C:\Program Files (x86)\Microsoft\EdgeWebView\Application\142.0.3595.76\msedgewebview2.exe";"2025-11-12 09:34:58"
"28188";"ms-teams.exe";"utility";"20,92";"142.0.3595.76";"C:\Program Files (x86)\Microsoft\EdgeWebView\Application\142.0.3595.76\msedgewebview2.exe";"2025-11-12 10:52:06"
"10272";"CaseBuddyApp.exe";"utility";"20,55";"142.0.3595.76";"C:\Program Files (x86)\Microsoft\EdgeWebView\Application\142.0.3595.76\msedgewebview2.exe";"2025-11-12 13:30:30"
"10212";"WidgetBoard.exe";"utility";"20,3";"142.0.3595.76";"C:\Program Files (x86)\Microsoft\EdgeWebView\Application\142.0.3595.76\msedgewebview2.exe";"2025-11-12 09:30:16"
"15232";"WidgetBoard.exe";"utility";"20,07";"142.0.3595.76";"C:\Program Files (x86)\Microsoft\EdgeWebView\Application\142.0.3595.76\msedgewebview2.exe";"2025-11-12 09:13:02"
"15476";"SearchHost.exe";"utility";"18,66";"142.0.3595.76";"C:\Program Files (x86)\Microsoft\EdgeWebView\Application\142.0.3595.76\msedgewebview2.exe";"2025-11-12 09:12:00"
"11696";"OneDrive.exe";"utility";"17,88";"142.0.3595.76";"C:\Program Files (x86)\Microsoft\EdgeWebView\Application\142.0.3595.76\msedgewebview2.exe";"2025-11-12 09:14:04"
"21556";"WhatsApp.Root.exe";"gpu-process";"11,81";"142.0.3595.76";"C:\Program Files (x86)\Microsoft\EdgeWebView\Application\142.0.3595.76\msedgewebview2.exe";"2025-11-12 09:15:08"
"32188";"ms-teams.exe";"gpu-process";"11,04";"142.0.3595.76";"C:\Program Files (x86)\Microsoft\EdgeWebView\Application\142.0.3595.76\msedgewebview2.exe";"2025-11-12 10:52:06"
"30348";"[Not specified]";"crashpad-handler";"9,56";"142.0.3595.76";"C:\Program Files (x86)\Microsoft\EdgeWebView\Application\142.0.3595.76\msedgewebview2.exe";"2025-11-12 13:30:30"
"6660";"M365Copilot.exe";"utility";"9,19";"142.0.3595.76";"C:\Program Files (x86)\Microsoft\EdgeWebView\Application\142.0.3595.76\msedgewebview2.exe";"2025-11-12 09:14:41"
"3616";"[Not specified]";"crashpad-handler";"9,14";"142.0.3595.76";"C:\Program Files (x86)\Microsoft\EdgeWebView\Application\142.0.3595.76\msedgewebview2.exe";"2025-11-12 09:14:04"
"31032";"[Not specified]";"crashpad-handler";"8,86";"142.0.3595.76";"C:\Program Files (x86)\Microsoft\EdgeWebView\Application\142.0.3595.76\msedgewebview2.exe";"2025-11-12 10:52:06"
"14248";"[Not specified]";"crashpad-handler";"8,77";"142.0.3595.76";"C:\Program Files (x86)\Microsoft\EdgeWebView\Application\142.0.3595.76\msedgewebview2.exe";"2025-11-12 09:15:08"
"26308";"[Not specified]";"crashpad-handler";"8,73";"142.0.3595.76";"C:\Program Files (x86)\Microsoft\EdgeWebView\Application\142.0.3595.76\msedgewebview2.exe";"2025-11-12 09:34:57"
"19780";"[Not specified]";"crashpad-handler";"8,71";"142.0.3595.76";"C:\Program Files (x86)\Microsoft\EdgeWebView\Application\142.0.3595.76\msedgewebview2.exe";"2025-11-12 09:13:02"
"7392";"[Not specified]";"crashpad-handler";"8,71";"142.0.3595.76";"C:\Program Files (x86)\Microsoft\EdgeWebView\Application\142.0.3595.76\msedgewebview2.exe";"2025-11-12 09:14:41"
"15216";"[Not specified]";"crashpad-handler";"8,45";"142.0.3595.76";"C:\Program Files (x86)\Microsoft\EdgeWebView\Application\142.0.3595.76\msedgewebview2.exe";"2025-11-12 09:12:00"
"29740";"ms-teams.exe";"renderer";"7,68";"142.0.3595.76";"C:\Program Files (x86)\Microsoft\EdgeWebView\Application\142.0.3595.76\msedgewebview2.exe";"2025-11-12 10:52:46"
"21632";"WhatsApp.Root.exe";"utility";"6,2";"142.0.3595.76";"C:\Program Files (x86)\Microsoft\EdgeWebView\Application\142.0.3595.76\msedgewebview2.exe";"2025-11-12 09:15:08"
"21056";"ms-teams.exe";"utility";"4,89";"142.0.3595.76";"C:\Program Files (x86)\Microsoft\EdgeWebView\Application\142.0.3595.76\msedgewebview2.exe";"2025-11-12 10:52:06"
"32524";"ms-teams.exe";"utility";"1,83";"142.0.3595.76";"C:\Program Files (x86)\Microsoft\EdgeWebView\Application\142.0.3595.76\msedgewebview2.exe";"2025-11-12 10:52:19"
